<?xml version="1.0"?>
<!-- vim: set foldmethod=marker: -->
<metacity_theme>
<info>
  <name>GNOME for Workgroups</name>
  <author>Samuel Lidén Borell; Tim Allen</author>
  <copyright>Samuel Lidén Borell, 2006; Tim Allen, 2008</copyright>
  <date>November 1, 2008</date>
  <description>Based on Samuel Lidén Borell's "Win3.x" theme</description>
</info>

<!-- {{{ Constants -->

<!-- Colour names used by Windows 3.1 -->
<constant name="ActiveTitleBar" value="gtk:base[SELECTED]"/>
<constant name="ActiveTitleBarText" value="gtk:text[SELECTED]"/>
<constant name="InactiveTitleBar" value="gtk:base[INSENSITIVE]"/>
<constant name="InactiveTitleBarText" value="gtk:text[INSENSITIVE]"/>
<constant name="ActiveBorder" value="gtk:base[ACTIVE]"/>
<constant name="InactiveBorder" value="gtk:base[INSENSITIVE]"/>
<constant name="WindowFrame" value="#000000"/>
<constant name="WindowBackground" value="gtk:base[NORMAL]"/>

<!-- These colours are hard-coded in the Win3.1 video drivers -->
<constant name="ButtonHighlight" value="#FFFFFF"/>
<constant name="ButtonFace" value="#C0C0C0"/>
<constant name="ButtonShadow" value="#808080"/>
<constant name="ButtonText" value="#000000"/>

<!-- 
CTL3DV2.DLL re-uses the Button* colours here, but we want to distinguish
between the hard-coded colours used for title-bar buttons with the customizable
colours used for interface elements.
-->
<constant name="ThreeDHighlight" value="shade/gtk:bg[NORMAL]/1.2"/>
<constant name="ThreeDFace" value="shade/gtk:bg[NORMAL]/1.0"/>
<constant name="ThreeDShadow" value="shade/gtk:bg[NORMAL]/0.6"/>
<constant name="ThreeDDarkShadow" value="shade/gtk:bg[NORMAL]/0.3"/>

<!-- While Win3.1 defines ResizableBorderWidth as excluding the inner
WindowFrame border, Metacity requires that it be including. -->
<constant name="ResizableBorderWidth" value="4"/>

<!-- Win3.1 did not allow these to be configured at all. -->
<constant name="DialogBorderWidth" value="6"/>
<constant name="DialogBorderHeight" value="5"/>
<constant name="TitleVerticalPad" value="2"/>

<!-- }}} Constants -->

<!-- {{{ Frame geometries -->

<frame_geometry name="double">
    <distance name="left_width" value="ResizableBorderWidth" />
    <distance name="right_width" value="ResizableBorderWidth" />
    <distance name="bottom_height" value="ResizableBorderWidth" />
    <distance name="left_titlebar_edge" value="ResizableBorderWidth" />
    <distance name="right_titlebar_edge" value="ResizableBorderWidth" />
    <aspect_ratio name="button" value="1.0" />
    <distance name="title_vertical_pad" value="TitleVerticalPad" />
    <border name="title_border" 
	left="0" right="0" 
	top="ResizableBorderWidth" bottom="1" />
    <border name="button_border" 
	left="1" right="0"
	top="ResizableBorderWidth" bottom="1" />
</frame_geometry>

<frame_geometry name="dialog">
    <distance name="left_width" value="DialogBorderWidth" />
    <distance name="right_width" value="DialogBorderWidth" />
    <distance name="bottom_height" value="DialogBorderHeight" />
    <distance name="left_titlebar_edge" value="DialogBorderWidth" />
    <distance name="right_titlebar_edge" value="DialogBorderWidth" />
    <aspect_ratio name="button" value="1.0" />
    <distance name="title_vertical_pad" value="TitleVerticalPad" />
    <border name="title_border" 
	left="0" right="0" top="DialogBorderHeight" bottom="1" />
    <border name="button_border" 
	left="1" right="0" top="DialogBorderHeight" bottom="1" />
</frame_geometry>

<frame_geometry name="single" parent="double">
  <distance name="left_width" value="1" />
  <distance name="right_width" value="1" />
  <distance name="bottom_height" value="1" />
  <distance name="left_titlebar_edge" value="1" />
  <distance name="right_titlebar_edge" value="1" />
  <border name="title_border" left="0" right="0" top="1" bottom="1" />
  <border name="button_border" left="1" right="0" top="1" bottom="1" />
</frame_geometry>

<frame_geometry name="utility_double" title_scale="x-small" parent="double"/>
<frame_geometry name="utility_single" title_scale="x-small" parent="single"/>

<frame_geometry name="double_border" has_title="false" parent="double">
    <distance name="title_vertical_pad" value="0" />
    <border name="title_border" 
	left="0" right="0" 
	top="ResizableBorderWidth" bottom="0" 
    />
</frame_geometry>
<frame_geometry name="single_border" has_title="false" parent="single">
    <distance name="title_vertical_pad" value="0" />
    <border name="title_border" left="0" right="0" top="1" bottom="0" />
</frame_geometry>

<frame_geometry name="maximized" parent="double">
  <distance name="left_width" value="0" />
  <distance name="right_width" value="0" />
  <distance name="bottom_height" value="0" />
  <distance name="left_titlebar_edge" value="0" />
  <distance name="right_titlebar_edge" value="0" />
  <border name="title_border" left="0" right="0" top="0" bottom="1" />
  <border name="button_border" left="1" right="0" top="0" bottom="1" />
</frame_geometry>

<frame_geometry name="no_border" has_title="false">
  <distance name="left_width" value="0" />
  <distance name="right_width" value="0" />
  <distance name="bottom_height" value="0" />
  <distance name="left_titlebar_edge" value="0" />
  <distance name="right_titlebar_edge" value="0" />
  <distance name="button_width" value="0"/>
  <distance name="button_height" value="0"/>
  <distance name="title_vertical_pad" value="0" />
  <border name="title_border" left="0" right="0" top="0" bottom="0" />
  <border name="button_border" left="0" right="0" top="0" bottom="0" />
</frame_geometry>

<!-- }}} Frame geometries -->

<!-- {{{ Window Part draw_ops -->

<!-- {{{ Double border draw_ops -->

<draw_ops name="draw_double_border">
    <!-- Border outline -->
    <rectangle color="WindowFrame"
	x="0" y="0"
	width="width-1" height="height-1"
	filled="false"
    />
    <!-- Interior outline -->
    <rectangle color="WindowFrame"
	x="ResizableBorderWidth-1" y="ResizableBorderWidth-1"
	width="width-(ResizableBorderWidth*2)+1" 
	height="height-(ResizableBorderWidth*2)+1"
	filled="false"
    />

    <!-- Resizing divisions -->
    <line color="WindowFrame"
	x1="top_height-1" y1="0"
	x2="top_height-1" y2="height-1"
	/>
    <line color="WindowFrame"
	x1="width - top_height" y1="0"
	x2="width - top_height" y2="height-1"
	/>
    <line color="WindowFrame"
	x1="0" y1="top_height-1"
	x2="width-1" y2="top_height-1"
	/>
    <line color="WindowFrame"
	x1="0" y1="height - top_height"
	x2="width-1" y2="height - top_height"
	/>

    <!--
    Button Divider Hack

    HACK: To get the proper black divider at the left-hand side of right-hand
    buttons, we added a 1px border to the left-hand side of all buttons, and
    this <draw_ops/> is responsible for filling in the black lines.

    Unfortunately, the menu button on the left also counts as a button, and it
    needs a black divider on the *right* hand side. So we get the button to
    draw the divider line, and we'll paint in the background colour of the
    leftmost column of the menu button.
    -->
    <line color="ButtonFace"
	x1="left_width" y1="ResizableBorderWidth"
	x2="left_width" y2="top_height-2"
    />
    <rectangle color="WindowFrame"
	x="left_width+1" y="ResizableBorderWidth"
	width="width-left_width-right_width-1"
	    height="top_height-ResizableBorderWidth-1"
	filled="true"
    />
</draw_ops>

<draw_ops name="draw_double_active">
    <rectangle color="ActiveBorder"
	x="0" y="0"
	width="width" height="height"
	filled="true"
    />
    <include name="draw_double_border"/>
</draw_ops>

<draw_ops name="draw_double_inactive">
    <rectangle color="InactiveBorder"
	x="0" y="0"
	width="width" height="height"
	filled="true"
    />
    <include name="draw_double_border"/>
</draw_ops>

<!-- }}} Double border draw_ops -->

<!-- {{{ Dialog border draw_ops -->

<draw_ops name="draw_dialog_border">
    <!--
    Uncomment this code for plain, vanilla Win3.1 dialog borders.

    <rectangle color="WindowFrame"
	x="0" y="0"
	width="width-1" height="height-1"
	filled="false"
    />
    <rectangle color="WindowBackground"
	x="DialogBorderWidth-1" y="DialogBorderHeight-1"
	width="width-(DialogBorderWidth*2)+1" 
	height="height-(DialogBorderHeight*2)+1"
	filled="false"
    />
    <line color="WindowFrame"
	x1="DialogBorderWidth" y1="top_height-1"
	x2="width-DialogBorderWidth-1" y2="top_height-1"
	/>
    -->

    <!-- 
    Uncomment this code for Word 6/Excel 5 3D borders (recommended)
    -->
    <rectangle color="ThreeDFace"
	x="0" y="0"
	width="width" height="height"
	filled="true"
    />
    <line color="ThreeDShadow" x1="0" y1="0" x2="width-1" y2="0" />
    <line color="ThreeDShadow" x1="0" y1="1" x2="0" y2="height-2" />
    <line color="ThreeDHighlight" x1="1" y1="1" x2="width-2" y2="1" />
    <line color="ThreeDHighlight" x1="1" y1="2" x2="1" y2="height-3" />

    <line color="ThreeDShadow" x1="width-2" y1="2" x2="width-2" y2="height-2"/>
    <line color="ThreeDShadow" x1="1" y1="height-2" x2="width-3" y2="height-2"/>
    <line color="ThreeDDarkShadow" 
	x1="width-1" y1="1" x2="width-1" y2="height-1"/>
    <line color="ThreeDDarkShadow" 
	x1="0" y1="height-1" x2="width-2" y2="height-1"/>

    <line color="ThreeDShadow" 
	x1="DialogBorderWidth-1" y1="DialogBorderHeight-1" 
	x2="width-DialogBorderWidth" y2="DialogBorderHeight-1" />
    <line color="ThreeDShadow" 
	x1="DialogBorderWidth-1" y1="DialogBorderHeight" 
	x2="DialogBorderWidth-1" y2="top_height-2" />

    <line color="ThreeDHighlight"
	x1="DialogBorderWidth-1" y1="top_height-1"
	x2="width-DialogBorderWidth-1" y2="top_height-1" />
    <line color="ThreeDHighlight"
	x1="width-DialogBorderWidth" y1="DialogBorderHeight"
	x2="width-DialogBorderWidth" y2="top_height-1" />

    <!--
    Button Divider Hack

    See draw_double_border for details.
    -->
    <line color="ButtonFace"
	x1="left_width" y1="DialogBorderHeight"
	x2="left_width" y2="top_height-2"
    />
    <rectangle color="WindowFrame"
	x="left_width+1" y="DialogBorderHeight"
	width="width-left_width-right_width-1"
	    height="top_height-DialogBorderHeight-1"
	filled="true"
    />
</draw_ops>

<draw_ops name="draw_dialog_active">
    <rectangle color="ActiveTitleBar"
	x="0" y="0"
	width="width" height="height"
	filled="true"
    />
    <include name="draw_dialog_border"/>
</draw_ops>

<draw_ops name="draw_dialog_inactive">
    <rectangle color="InactiveTitleBar"
	x="0" y="0"
	width="width" height="height"
	filled="true"
    />
    <include name="draw_dialog_border"/>
</draw_ops>

<!-- }}} Dialog border draw_ops -->

<!-- {{{ Single border draw_ops -->

<draw_ops name="draw_single_border">
    <rectangle color="WindowFrame"
	x="0" y="0"
	width="width-1" height="height-1"
	filled="false"
    />
    <!-- Draw the line under the titlebar -->
    <line color="WindowFrame"
	x1="0" y1="top_height-1"
	x2="width-1" y2="top_height-1"
	/>

    <!--
    Button Divider Hack

    See draw_double_border for details.
    -->
    <line color="ButtonFace"
	x1="left_width" y1="1"
	x2="left_width" y2="top_height-2"
    />
    <rectangle color="WindowFrame"
	x="left_width+1" y="1"
	width="width-left_width-right_width-1"
	    height="top_height-2"
	filled="true"
    />
</draw_ops>

<!-- }}} Single border draw_ops -->

<!-- {{{ Title draw_ops -->

<draw_ops name="title_normal"> 
    <rectangle color="InactiveTitleBar" 
	x="0" y="0" 
	width="width" height="height" 
	filled="true"/>
    <title color="InactiveTitleBarText"
	x="(3 `max` (width-title_width)) / 2"
	y="(1 `max` (height-title_height)) / 2"
    />
</draw_ops>

<draw_ops name="title_focus"> 
    <rectangle color="ActiveTitleBar" 
	x="0" y="0" 
	width="width" height="height" 
	filled="true"/>
  
    <title color="ActiveTitleBarText"
	x="(3 `max` (width-title_width)) / 2"
	y="(1 `max` (height-title_height)) / 2"
    />
</draw_ops>

<!-- }}} Title draw_ops -->

<!-- }}} Window Part draw_ops -->

<!-- {{{ Button draw_ops -->

<draw_ops name="button_normal">
    <rectangle color="ButtonFace" 
	x="0" y="0" 
	width="width" height="height"
	filled="true"/>

    <line color="ButtonHighlight" 
	x1="1" y1="0" 
	x2="width-1" y2="0" />
    <line color="ButtonHighlight" 
	x1="0" y1="0"
	x2="0" y2="height-1" />
    <line color="ButtonShadow" 
	x1="width-1" y1="0" 
	x2="width-1" y2="height-1" />
    <line color="ButtonShadow" 
	x1="0" y1="height-1"
	x2="width-1" y2="height-1" />
    <line color="ButtonShadow" 
	x1="width-2" y1="1" 
	x2="width-2" y2="height-2" />
    <line color="ButtonShadow" 
	x1="1" y1="height-2"
	x2="width-2" y2="height-2" />
</draw_ops>

<draw_ops name="button_pressed">
    <rectangle color="ButtonFace" 
	x="0" y="0" 
	width="width" height="height" 
	filled="true"/>

    <line color="ButtonShadow" 
	x1="0" y1="0"
	x2="width-1" y2="0" />
    <line color="ButtonShadow" 
	x1="0" y1="0"
	x2="0" y2="height-1" />
</draw_ops>

<!-- A close button doesn't exist in Win 3.1.
     Note that buttons can be removed using gconfeditor -->
<draw_ops name="close_icon">
    <line color="ButtonText" 
	x1="width/4+1" y1="height/4+1" 
	x2="3*width/4-1" y2="3*height/4-1" 
	width="1" />
    <line color="ButtonText" 
	x1="width/4+1" y1="height/4+2" 
	x2="3*width/4-2" y2="3*height/4-1" 
	width="1" />
    <line color="ButtonText" 
	x1="width/4+2" y1="height/4+1" 
	x2="3*width/4-1" y2="3*height/4-2" 
	width="1" />
    <line color="ButtonText" 
	x1="width/4+1" y1="3*height/4-2" 
	x2="3*width/4-1" y2="height/4+0" 
	width="1" />
    <line color="ButtonText" 
	x1="width/4+2" y1="3*height/4-2" 
	x2="3*width/4-1" 
	y2="height/4+1" 
	width="1" />
    <line color="ButtonText" 
	x1="width/4+1" y1="3*height/4-3" 
	x2="3*width/4-2" y2="height/4+0" 
	width="1" />
</draw_ops>

<draw_ops name="close_button_normal">
  <include name="button_normal" />
  <include name="close_icon" x="0" y="0" />
</draw_ops>

<draw_ops name="close_button_pressed"> 
  <include name="button_pressed" />
  <include name="close_icon" x="2" y="2" />
</draw_ops>

<!-- Minimize button -->
<draw_ops name="minimize_icon">
  <gtk_arrow state="normal" x="width/2-width/5-1" y="width/2-width/5-1" width="width/2.5" height="height/2.5" arrow="down" filled="true" shadow="none" />
</draw_ops>

<draw_ops name="minimize_button_normal"> 
  <include name="button_normal" />
  <include name="minimize_icon" x="0" y="0" />
</draw_ops>

<draw_ops name="minimize_button_pressed"> 
  <include name="button_pressed" />
  <include name="minimize_icon" x="2" y="2" />
</draw_ops>

<!-- Maximize button -->
<draw_ops name="maximize_icon">
  <gtk_arrow state="normal" x="width/2-width/5-1" y="width/2-width/5-1" width="width/2.5" height="height/2.5" arrow="up" filled="true" shadow="none" />
</draw_ops>

<draw_ops name="maximize_button_normal"> 
  <include name="button_normal" />
  <include name="maximize_icon" x="0" y="0" />
</draw_ops>

<draw_ops name="maximize_button_pressed"> 
  <include name="button_pressed" />
  <include name="maximize_icon" x="2" y="2" />
</draw_ops>

<!-- Unmaximize button -->
<draw_ops name="unmaximize_icon">
    <gtk_arrow state="normal" x="width/2-width/5-1" y="width/2-width/2.5+2" width="width/2.5" height="height/2.5" arrow="up" filled="true" shadow="none" />
  <gtk_arrow state="normal" x="width/2-width/5-1" y="width/2-2" width="width/2.5" height="height/2.5" arrow="down" filled="true" shadow="none" />
</draw_ops>

<draw_ops name="unmaximize_button_normal"> 
  <include name="button_normal" />
  <include name="unmaximize_icon" x="0" y="0" />
</draw_ops>

<draw_ops name="unmaximize_button_pressed"> 
  <include name="button_pressed" />
  <include name="unmaximize_icon" x="2" y="2" />
</draw_ops>

<!-- Menu button -->
<draw_ops name="menu_icon">
  <rectangle color="ButtonShadow" x="1" y="1" width="width-2" height="height-2" filled="true" />
  <rectangle color="ButtonText" x="0" y="0" width="width-2" height="height-2" filled="true" />
  <rectangle color="ButtonHighlight" x="1" y="1" width="width-4" height="height-4" filled="true" />
</draw_ops>

<draw_ops name="menu_icon_pressed">
  <rectangle color="ButtonFace" x="1" y="1" width="width-2" height="height-2" filled="true" />
  <rectangle color="ButtonHighlight" x="0" y="0" width="width-2" height="height-2" filled="true" />
  <rectangle color="ButtonText" x="1" y="1" width="width-4" height="height-4" filled="true" />
</draw_ops>

<draw_ops name="menu_button_normal"> 
  <rectangle color="ButtonFace" x="0" y="0" width="width" height="height" filled="true"/>
  <line color="WindowFrame" x1="width-1" y1="0" x2="width-1" y2="height-1" />
  
  <include name="menu_icon" x="1" y="height/2-((height/4) `max` 5)/2" width="width-3" height="(height/4) `max` 5" />
</draw_ops>

<draw_ops name="menu_button_pressed">
  <rectangle color="ButtonShadow" x="0" y="0" width="width" height="height" filled="true"/>
  <line color="WindowFrame" x1="width-1" y1="0" x2="width-1" y2="height-1" />
  
  <include name="menu_icon_pressed" x="2" y="height/2-((height/4) `max` 5)/2" width="width-4" height="(height/4) `max` 5" />
</draw_ops>

<!-- }}} Button draw_ops -->

<!-- {{{ Frame styles -->

<frame_style name="base" geometry="double">
  <button function="close" state="normal" draw_ops="close_button_normal"/>
  <button function="close" state="pressed" draw_ops="close_button_pressed"/>
  <button function="minimize" state="normal" draw_ops="minimize_button_normal"/>
  <button function="minimize" state="pressed" draw_ops="minimize_button_pressed"/>
  <button function="maximize" state="normal" draw_ops="maximize_button_normal"/>
  <button function="maximize" state="pressed" draw_ops="maximize_button_pressed"/>
  <button function="menu" state="normal" draw_ops="menu_button_normal"/>
  <button function="menu" state="pressed" draw_ops="menu_button_pressed"/>

  <!-- FIXME: Actually implement button pictures for these buttons. -->
  <button function="shade" state="normal" draw_ops="button_normal"/>
  <button function="shade" state="pressed" draw_ops="button_pressed"/>
  <button function="unshade" state="normal" draw_ops="button_normal"/>
  <button function="unshade" state="pressed" draw_ops="button_pressed"/>
  <button function="above" state="normal" draw_ops="button_normal"/>
  <button function="above" state="pressed" draw_ops="button_pressed"/>
  <button function="unabove" state="normal" draw_ops="button_normal"/>
  <button function="unabove" state="pressed" draw_ops="button_pressed"/>
  <button function="stick" state="normal" draw_ops="button_normal"/>
  <button function="stick" state="pressed" draw_ops="button_pressed"/>
  <button function="unstick" state="normal" draw_ops="button_normal"/>
  <button function="unstick" state="pressed" draw_ops="button_pressed"/>
</frame_style>

<!-- Double border frame styles -->
<frame_style name="double" geometry="double" parent="base">
    <piece position="entire_background" draw_ops="draw_double_inactive"/>
    <piece position="title" draw_ops="title_normal" />
</frame_style>

<frame_style name="double_focus" geometry="double" parent="base">
    <piece position="entire_background" draw_ops="draw_double_active"/>
    <piece position="title" draw_ops="title_focus" />
</frame_style>

<!-- Dialog border frame styles -->
<frame_style name="dialog" geometry="dialog" parent="base">
    <piece position="entire_background" draw_ops="draw_dialog_inactive"/>
    <piece position="title" draw_ops="title_normal" />
</frame_style>

<frame_style name="dialog_focus" geometry="dialog" parent="base">
    <piece position="entire_background" draw_ops="draw_dialog_active"/>
    <piece position="title" draw_ops="title_focus" />
</frame_style>

<!-- Single border frame styles -->
<frame_style name="single_focus" parent="base" geometry="single">
    <piece position="entire_background" draw_ops="draw_single_border"/>
    <piece position="title" draw_ops="title_focus" />
</frame_style>
<frame_style name="single" parent="base" geometry="single">
    <piece position="entire_background" draw_ops="draw_single_border"/>
    <piece position="title" draw_ops="title_normal" />
</frame_style>

<!-- Maximized frame styles -->
<frame_style name="maximized" parent="single" geometry="maximized">
    <button function="maximize" state="normal" 
	draw_ops="unmaximize_button_normal"/>
    <button function="maximize" state="pressed" 
	draw_ops="unmaximize_button_pressed"/>
</frame_style>
<frame_style name="maximized_focus" parent="single_focus" geometry="maximized">
    <button function="maximize" state="normal" 
	draw_ops="unmaximize_button_normal"/>
    <button function="maximize" state="pressed" 
	draw_ops="unmaximize_button_pressed"/>
</frame_style>

<!-- Utility windows -->
<frame_style name="utility_double_focus" 
    geometry="utility_double" parent="double_focus" />
<frame_style name="utility_double" 
    geometry="utility_double" parent="double" />
<frame_style name="utility_single_focus" 
    geometry="utility_single" parent="single_focus" />
<frame_style name="utility_single" 
    geometry="utility_single" parent="single" />

<!-- Border only - Double border -->
<frame_style name="border_double" geometry="double_border" parent="base">
    <piece position="entire_background" draw_ops="draw_double_inactive"/>
</frame_style>

<frame_style name="border_double_focus" geometry="double_border" parent="base">
    <piece position="entire_background" draw_ops="draw_double_active"/>
</frame_style>

<!-- Border only - Single border -->
<frame_style name="border_single_focus" parent="base" geometry="single_border">
    <piece position="entire_background" draw_ops="draw_single_border"/>
</frame_style>
<frame_style name="border_single" parent="base" geometry="single_border">
    <piece position="entire_background" draw_ops="draw_single_border"/>
</frame_style>

<!-- No border -->
<frame_style name="no_border" parent="base" geometry="no_border" />

<!-- }}} Frame styles -->

<!-- {{{ Frame style sets -->

<frame_style_set name="normal">
   <frame focus="yes" state="normal" resize="both" style="double_focus" />
   <frame focus="no"  state="normal" resize="both" style="double" />
   <frame focus="yes" state="normal" resize="none" style="single_focus" />
   <frame focus="no"  state="normal" resize="none" style="single" />
   <frame focus="yes" state="maximized" style="maximized_focus" />
   <frame focus="no"  state="maximized" style="maximized" />
   <frame focus="yes" state="shaded" style="single_focus" />
   <frame focus="no"  state="shaded" style="single" />
   <frame focus="yes" state="maximized_and_shaded" style="maximized_focus" />
   <frame focus="no"  state="maximized_and_shaded" style="maximized" />
</frame_style_set>

<frame_style_set name="dialog">
   <frame focus="yes" state="normal" resize="both" style="dialog_focus" />
   <frame focus="no"  state="normal" resize="both" style="dialog" />
   <frame focus="yes" state="normal" resize="none" style="dialog_focus" />
   <frame focus="no"  state="normal" resize="none" style="dialog" />
   <frame focus="yes" state="maximized" style="maximized_focus" />
   <frame focus="no"  state="maximized" style="maximized" />
   <frame focus="yes" state="shaded" style="single_focus" />
   <frame focus="no"  state="shaded" style="single" />
   <frame focus="yes" state="maximized_and_shaded" style="maximized_focus" />
   <frame focus="no"  state="maximized_and_shaded" style="maximized" />
</frame_style_set>

<frame_style_set name="utility">
   <frame focus="yes" state="normal" resize="both" style="utility_double_focus" />
   <frame focus="no"  state="normal" resize="both" style="utility_double" />
   <frame focus="yes" state="normal" resize="none" style="utility_single_focus" />
   <frame focus="no"  state="normal" resize="none" style="utility_single" />
   <frame focus="yes" state="maximized" style="utility_single_focus" />
   <frame focus="no"  state="maximized" style="utility_single" />
   <frame focus="yes" state="shaded" style="single_focus" />
   <frame focus="no"  state="shaded" style="single" />
   <frame focus="yes" state="maximized_and_shaded" style="utility_single_focus" />
   <frame focus="no"  state="maximized_and_shaded" style="utility_single" />
</frame_style_set>

<frame_style_set name="border">
   <frame focus="yes" state="normal" resize="both" style="border_double_focus" />
   <frame focus="no"  state="normal" resize="both" style="border_double" />
   <frame focus="yes" state="normal" resize="none" style="border_single_focus" />
   <frame focus="no"  state="normal" resize="none" style="border_single" />
   <frame focus="yes" state="maximized" style="no_border" />
   <frame focus="no"  state="maximized" style="no_border" />
   <frame focus="yes" state="shaded" style="border_double_focus" />
   <frame focus="no"  state="shaded" style="border_double" />
   <frame focus="yes" state="maximized_and_shaded" style="no_border" />
   <frame focus="no"  state="maximized_and_shaded" style="no_border" />
</frame_style_set>

<!-- }}} Frame style sets -->

<window type="normal" style_set="normal" />
<window type="dialog" style_set="dialog" />
<window type="modal_dialog" style_set="dialog" />
<window type="menu" style_set="utility" />
<window type="utility" style_set="utility" />
<window type="border" style_set="border" />

</metacity_theme>
